group,game,team_a,team_b,elo_a,elo_b,delta_elo,delta_eff,k_att_a,k_def_a,k_att_b,k_def_b,lambda_base_a,lambda_base_b,lambda_a,lambda_b,rho,p_win_a,p_draw,p_win_b,expected_goals_a,expected_goals_b,P_0_0,P_0_1,P_0_2,P_0_3,P_0_4,P_0_5,P_0_6,P_0_7,P_1_0,P_1_1,P_1_2,P_1_3,P_1_4,P_1_5,P_1_6,P_1_7,P_2_0,P_2_1,P_2_2,P_2_3,P_2_4,P_2_5,P_2_6,P_2_7,P_3_0,P_3_1,P_3_2,P_3_3,P_3_4,P_3_5,P_3_6,P_3_7,P_4_0,P_4_1,P_4_2,P_4_3,P_4_4,P_4_5,P_4_6,P_4_7,P_5_0,P_5_1,P_5_2,P_5_3,P_5_4,P_5_5,P_5_6,P_5_7,P_6_0,P_6_1,P_6_2,P_6_3,P_6_4,P_6_5,P_6_6,P_6_7,P_7_0,P_7_1,P_7_2,P_7_3,P_7_4,P_7_5,P_7_6,P_7_7
A,1,Mexico,South Africa,1927.1,1644.7,282.4,382.5,0.964,0.8807,0.9807,1.019,2.5627,0.5241,2.5172,0.4527,0.0438,82.89,12.29,4.82,2.517,0.453,4.85,2.357,0.523,0.079,0.009,0.001,0.0,0.0,14.266,5.562,1.317,0.199,0.022,0.002,0.0,0.0,16.172,7.321,1.657,0.25,0.028,0.003,0.0,0.0,13.57,6.143,1.39,0.21,0.024,0.002,0.0,0.0,8.539,3.866,0.875,0.132,0.015,0.001,0.0,0.0,4.299,1.946,0.44,0.066,0.008,0.001,0.0,0.0,1.804,0.816,0.185,0.028,0.003,0.0,0.0,0.0,0.649,0.294,0.066,0.01,0.001,0.0,0.0,0.0
A,2,Mexico,South Korea,1927.1,1861.7,65.4,165.5,0.964,0.8807,0.9494,1.0126,1.7613,0.8865,1.7193,0.7412,0.0892,62.58,21.33,16.09,1.719,0.741,7.517,6.702,2.33,0.576,0.107,0.016,0.002,0.0,16.817,9.844,4.005,0.99,0.183,0.027,0.003,0.0,12.535,9.291,3.443,0.851,0.158,0.023,0.003,0.0,7.183,5.324,1.973,0.488,0.09,0.013,0.002,0.0,3.088,2.289,0.848,0.21,0.039,0.006,0.001,0.0,1.062,0.787,0.292,0.072,0.013,0.002,0.0,0.0,0.304,0.225,0.084,0.021,0.004,0.001,0.0,0.0,0.075,0.055,0.021,0.005,0.001,0.0,0.0,0.0
A,3,Mexico,Czech Republic,1927.1,1782.2,144.9,244.9,0.964,0.8807,0.9646,1.0513,2.0346,0.7364,2.0619,0.6256,0.0735,72.38,17.41,10.21,2.062,0.626,6.105,4.413,1.32,0.275,0.043,0.005,0.001,0.0,16.014,8.06,2.721,0.567,0.089,0.011,0.001,0.0,14.337,8.969,2.805,0.585,0.091,0.011,0.001,0.0,9.854,6.164,1.928,0.402,0.063,0.008,0.001,0.0,5.08,3.178,0.994,0.207,0.032,0.004,0.0,0.0,2.095,1.31,0.41,0.085,0.013,0.002,0.0,0.0,0.72,0.45,0.141,0.029,0.005,0.001,0.0,0.0,0.212,0.133,0.041,0.009,0.001,0.0,0.0,0.0
A,4,South Africa,South Korea,1644.7,1861.7,-217.0,-217.0,0.9807,1.019,0.9494,1.0126,0.7866,1.9359,0.7812,1.8727,0.0791,15.25,20.02,64.73,0.781,1.873,6.186,15.044,12.268,7.658,3.586,1.343,0.419,0.112,5.803,9.425,9.584,5.983,2.801,1.049,0.327,0.088,2.135,3.998,3.743,2.337,1.094,0.41,0.128,0.034,0.556,1.041,0.975,0.608,0.285,0.107,0.033,0.009,0.109,0.203,0.19,0.119,0.056,0.021,0.007,0.002,0.017,0.032,0.03,0.019,0.009,0.003,0.001,0.0,0.002,0.004,0.004,0.002,0.001,0.0,0.0,0.0,0.0,0.0,0.0,0.0,0.0,0.0,0.0,0.0
A,5,South Africa,Czech Republic,1644.7,1782.2,-137.6,-137.6,0.9807,1.019,0.9646,1.0513,0.9443,1.6711,0.9736,1.6425,0.0944,22.96,22.32,54.72,0.974,1.643,6.188,13.827,9.831,5.383,2.21,0.726,0.199,0.047,7.748,10.555,9.572,5.241,2.152,0.707,0.194,0.045,3.454,5.674,4.66,2.551,1.048,0.344,0.094,0.022,1.121,1.841,1.512,0.828,0.34,0.112,0.031,0.007,0.273,0.448,0.368,0.202,0.083,0.027,0.007,0.002,0.053,0.087,0.072,0.039,0.016,0.005,0.001,0.0,0.009,0.014,0.012,0.006,0.003,0.001,0.0,0.0,0.001,0.002,0.002,0.001,0.0,0.0,0.0,0.0
A,6,South Korea,Czech Republic,1861.7,1782.2,79.5,79.5,0.9494,1.0126,0.9646,1.0513,1.4933,1.0738,1.4904,1.0488,0.1047,49.13,23.36,27.51,1.49,1.049,6.591,9.174,4.335,1.515,0.397,0.083,0.015,0.002,13.58,11.03,6.461,2.259,0.592,0.124,0.022,0.003,8.754,9.181,4.815,1.683,0.441,0.093,0.016,0.002,4.349,4.561,2.392,0.836,0.219,0.046,0.008,0.001,1.62,1.7,0.891,0.312,0.082,0.017,0.003,0.0,0.483,0.507,0.266,0.093,0.024,0.005,0.001,0.0,0.12,0.126,0.066,0.023,0.006,0.001,0.0,0.0,0.026,0.027,0.014,0.005,0.001,0.0,0.0,0.0
B,7,Canada,Bosnia and Herzegovina,1883.8,1651.3,232.5,332.6,0.9506,0.8655,1.0057,0.942,2.3634,0.5946,2.1164,0.5175,0.0549,75.72,16.47,7.81,2.116,0.518,6.691,3.789,0.953,0.164,0.021,0.002,0.0,0.0,16.817,7.369,2.018,0.348,0.045,0.005,0.0,0.0,15.944,8.251,2.135,0.368,0.048,0.005,0.0,0.0,11.248,5.821,1.506,0.26,0.034,0.003,0.0,0.0,5.951,3.08,0.797,0.137,0.018,0.002,0.0,0.0,2.519,1.304,0.337,0.058,0.008,0.001,0.0,0.0,0.889,0.46,0.119,0.021,0.003,0.0,0.0,0.0,0.269,0.139,0.036,0.006,0.001,0.0,0.0,0.0
B,8,Canada,Qatar,1883.8,1553.5,330.2,430.3,0.9506,0.8655,1.0161,1.0482,2.7612,0.4631,2.7514,0.4072,0.0329,86.3,10.2,3.49,2.751,0.407,4.091,1.753,0.352,0.048,0.005,0.0,0.0,0.0,12.743,4.602,0.969,0.132,0.013,0.001,0.0,0.0,16.076,6.546,1.333,0.181,0.018,0.002,0.0,0.0,14.744,6.004,1.222,0.166,0.017,0.001,0.0,0.0,10.141,4.13,0.841,0.114,0.012,0.001,0.0,0.0,5.581,2.273,0.463,0.063,0.006,0.001,0.0,0.0,2.559,1.042,0.212,0.029,0.003,0.0,0.0,0.0,1.006,0.41,0.083,0.011,0.001,0.0,0.0,0.0
B,9,Canada,Switzerland,1883.8,1943.8,-60.0,40.0,0.9506,0.8655,1.0297,1.0196,1.38,1.169,1.3375,1.0418,0.1113,45.26,24.53,30.21,1.338,1.042,7.818,10.759,5.022,1.744,0.454,0.095,0.016,0.002,14.221,11.459,6.717,2.332,0.607,0.127,0.022,0.003,8.278,8.623,4.492,1.56,0.406,0.085,0.015,0.002,3.691,3.845,2.003,0.695,0.181,0.038,0.007,0.001,1.234,1.286,0.67,0.233,0.061,0.013,0.002,0.0,0.33,0.344,0.179,0.062,0.016,0.003,0.001,0.0,0.074,0.077,0.04,0.014,0.004,0.001,0.0,0.0,0.014,0.015,0.008,0.003,0.001,0.0,0.0,0.0
B,10,Bosnia and Herzegovina,Qatar,1651.3,1553.5,97.7,97.7,1.0057,0.942,1.0161,1.0482,1.5478,1.0318,1.6317,0.9876,0.1016,54.22,22.25,23.53,1.632,0.988,6.076,7.895,3.543,1.166,0.288,0.057,0.009,0.001,13.819,10.519,5.782,1.903,0.47,0.093,0.015,0.002,9.671,9.552,4.717,1.553,0.383,0.076,0.012,0.002,5.26,5.195,2.566,0.845,0.209,0.041,0.007,0.001,2.146,2.119,1.047,0.345,0.085,0.017,0.003,0.0,0.7,0.692,0.342,0.112,0.028,0.005,0.001,0.0,0.19,0.188,0.093,0.031,0.008,0.001,0.0,0.0,0.044,0.044,0.022,0.007,0.002,0.0,0.0,0.0
B,11,Bosnia and Herzegovina,Switzerland,1651.3,1943.8,-292.6,-292.6,1.0057,0.942,1.0297,1.0196,0.6563,2.2099,0.673,2.1437,0.0635,10.46,17.06,72.48,0.673,2.144,5.397,14.471,13.652,9.755,5.228,2.242,0.801,0.245,4.17,8.027,9.188,6.565,3.519,1.509,0.539,0.165,1.346,2.884,3.092,2.209,1.184,0.508,0.181,0.056,0.302,0.647,0.694,0.496,0.266,0.114,0.041,0.012,0.051,0.109,0.117,0.083,0.045,0.019,0.007,0.002,0.007,0.015,0.016,0.011,0.006,0.003,0.001,0.0,0.001,0.002,0.002,0.001,0.001,0.0,0.0,0.0,0.0,0.0,0.0,0.0,0.0,0.0,0.0,0.0
B,12,Qatar,Switzerland,1553.5,1943.8,-390.3,-390.3,1.0161,1.0482,1.0297,1.0196,0.5137,2.5947,0.5322,2.8007,0.042,4.71,10.79,84.5,0.532,2.801,3.347,11.177,14.003,13.073,9.153,5.127,2.393,0.958,1.943,5.098,7.452,6.957,4.871,2.729,1.274,0.51,0.506,1.416,1.983,1.851,1.296,0.726,0.339,0.136,0.09,0.251,0.352,0.328,0.23,0.129,0.06,0.024,0.012,0.033,0.047,0.044,0.031,0.017,0.008,0.003,0.001,0.004,0.005,0.005,0.003,0.002,0.001,0.0,0.0,0.0,0.0,0.0,0.0,0.0,0.0,0.0,0.0,0.0,0.0,0.0,0.0,0.0,0.0,0.0
C,13,Brazil,Morocco,2060.8,1967.4,93.4,93.4,0.9907,0.9674,0.8951,0.9939,1.5348,1.0416,1.5112,0.9018,0.1023,53.41,23.43,23.16,1.511,0.902,7.681,8.792,3.63,1.091,0.246,0.044,0.007,0.001,15.574,10.92,5.485,1.649,0.372,0.067,0.01,0.001,10.192,9.191,4.145,1.246,0.281,0.051,0.008,0.001,5.134,4.63,2.088,0.628,0.142,0.026,0.004,0.0,1.94,1.749,0.789,0.237,0.053,0.01,0.001,0.0,0.586,0.529,0.238,0.072,0.016,0.003,0.0,0.0,0.148,0.133,0.06,0.018,0.004,0.001,0.0,0.0,0.032,0.029,0.013,0.004,0.001,0.0,0.0,0.0
C,14,Brazil,Haiti,2060.8,1675.8,385.0,385.0,0.9907,0.9674,1.0199,1.0423,2.5732,0.5207,2.6571,0.5137,0.0432,83.28,11.68,5.04,2.657,0.514,3.94,2.199,0.553,0.095,0.012,0.001,0.0,0.0,12.404,5.469,1.468,0.251,0.032,0.003,0.0,0.0,14.782,7.594,1.95,0.334,0.043,0.004,0.0,0.0,13.092,6.726,1.727,0.296,0.038,0.004,0.0,0.0,8.697,4.468,1.148,0.196,0.025,0.003,0.0,0.0,4.622,2.374,0.61,0.104,0.013,0.001,0.0,0.0,2.047,1.051,0.27,0.046,0.006,0.001,0.0,0.0,0.777,0.399,0.103,0.018,0.002,0.0,0.0,0.0
C,15,Brazil,Scotland,2060.8,1790.7,270.1,270.1,0.9907,0.9674,1.0059,0.9358,2.1262,0.6931,1.9712,0.6745,0.0683,69.31,18.75,11.94,1.971,0.674,6.406,4.971,1.603,0.36,0.061,0.008,0.001,0.0,15.757,8.728,3.159,0.71,0.12,0.016,0.002,0.0,13.688,9.232,3.114,0.7,0.118,0.016,0.002,0.0,8.994,6.066,2.046,0.46,0.078,0.01,0.001,0.0,4.432,2.989,1.008,0.227,0.038,0.005,0.001,0.0,1.747,1.178,0.397,0.089,0.015,0.002,0.0,0.0,0.574,0.387,0.131,0.029,0.005,0.001,0.0,0.0,0.162,0.109,0.037,0.008,0.001,0.0,0.0,0.0
C,16,Morocco,Haiti,1967.4,1675.8,291.6,291.6,0.8951,0.9939,1.0199,1.0423,2.2063,0.6578,2.0583,0.6669,0.0637,71.09,17.88,11.03,2.058,0.667,5.94,4.525,1.447,0.322,0.054,0.007,0.001,0.0,15.156,8.365,2.979,0.662,0.11,0.015,0.002,0.0,13.789,9.195,3.066,0.682,0.114,0.015,0.002,0.0,9.461,6.309,2.104,0.468,0.078,0.01,0.001,0.0,4.868,3.247,1.082,0.241,0.04,0.005,0.001,0.0,2.004,1.336,0.446,0.099,0.017,0.002,0.0,0.0,0.688,0.458,0.153,0.034,0.006,0.001,0.0,0.0,0.202,0.135,0.045,0.01,0.002,0.0,0.0,0.0
C,17,Morocco,Scotland,1967.4,1790.7,176.7,176.7,0.8951,0.9939,1.0059,0.9358,1.7984,0.8639,1.5064,0.8637,0.087,54.0,23.89,22.11,1.506,0.864,8.262,8.653,3.476,1.001,0.216,0.037,0.005,0.001,15.876,11.068,5.236,1.507,0.326,0.056,0.008,0.001,10.571,9.131,3.943,1.135,0.245,0.042,0.006,0.001,5.308,4.585,1.98,0.57,0.123,0.021,0.003,0.0,1.999,1.727,0.746,0.215,0.046,0.008,0.001,0.0,0.602,0.52,0.225,0.065,0.014,0.002,0.0,0.0,0.151,0.131,0.056,0.016,0.004,0.001,0.0,0.0,0.033,0.028,0.012,0.003,0.001,0.0,0.0,0.0
C,18,Haiti,Scotland,1675.8,1790.7,-114.9,-114.9,1.0199,1.0423,1.0059,0.9358,0.9933,1.6003,0.948,1.6779,0.0985,21.81,21.88,56.31,0.948,1.678,6.082,14.102,10.153,5.678,2.382,0.799,0.224,0.054,7.476,10.343,9.625,5.383,2.258,0.758,0.212,0.051,3.241,5.438,4.563,2.552,1.07,0.359,0.1,0.024,1.024,1.719,1.442,0.806,0.338,0.114,0.032,0.008,0.243,0.407,0.342,0.191,0.08,0.027,0.008,0.002,0.046,0.077,0.065,0.036,0.015,0.005,0.001,0.0,0.007,0.012,0.01,0.006,0.002,0.001,0.0,0.0,0.001,0.002,0.001,0.001,0.0,0.0,0.0,0.0
D,19,United States,Paraguay,1809.7,1893.3,-83.6,16.4,1.1092,1.0526,0.9748,0.8806,1.3152,1.2286,1.2846,1.2607,0.1151,38.7,23.8,37.51,1.285,1.261,6.383,11.327,6.235,2.62,0.826,0.208,0.044,0.008,11.57,11.243,8.009,3.366,1.061,0.267,0.056,0.01,6.474,8.161,5.144,2.162,0.681,0.172,0.036,0.006,2.772,3.495,2.203,0.926,0.292,0.074,0.015,0.003,0.89,1.122,0.707,0.297,0.094,0.024,0.005,0.001,0.229,0.288,0.182,0.076,0.024,0.006,0.001,0.0,0.049,0.062,0.039,0.016,0.005,0.001,0.0,0.0,0.009,0.011,0.007,0.003,0.001,0.0,0.0,0.0
D,20,United States,Australia,1809.7,1886.4,-76.7,23.3,1.1092,1.0526,0.9651,0.9823,1.334,1.2108,1.4535,1.2301,0.114,43.91,22.93,33.16,1.454,1.23,5.438,9.581,5.168,2.119,0.652,0.16,0.033,0.006,11.574,10.82,7.511,3.08,0.947,0.233,0.048,0.008,7.215,8.875,5.459,2.238,0.688,0.169,0.035,0.006,3.496,4.3,2.645,1.084,0.333,0.082,0.017,0.003,1.27,1.563,0.961,0.394,0.121,0.03,0.006,0.001,0.369,0.454,0.279,0.115,0.035,0.009,0.002,0.0,0.089,0.11,0.068,0.028,0.009,0.002,0.0,0.0,0.019,0.023,0.014,0.006,0.002,0.0,0.0,0.0
D,21,United States,Turkey,1809.7,1928.4,-118.7,-18.6,1.1092,1.0526,0.9553,1.044,1.2229,1.3212,1.4161,1.3286,0.1148,40.7,22.77,36.53,1.416,1.329,5.039,9.842,5.673,2.512,0.835,0.222,0.049,0.009,10.582,10.705,8.034,3.558,1.182,0.314,0.07,0.013,6.445,8.562,5.688,2.519,0.837,0.222,0.049,0.009,3.042,4.042,2.685,1.189,0.395,0.105,0.023,0.004,1.077,1.431,0.951,0.421,0.14,0.037,0.008,0.002,0.305,0.405,0.269,0.119,0.04,0.011,0.002,0.0,0.072,0.096,0.064,0.028,0.009,0.002,0.001,0.0,0.015,0.019,0.013,0.006,0.002,0.001,0.0,0.0
D,22,Paraguay,Australia,1893.3,1886.4,6.9,6.9,0.9748,0.8806,0.9651,0.9823,1.2897,1.2532,1.235,1.065,0.1166,41.84,25.15,33.0,1.235,1.065,8.486,12.001,5.684,2.018,0.537,0.114,0.02,0.003,14.162,11.646,7.02,2.492,0.664,0.141,0.025,0.004,7.644,8.14,4.335,1.539,0.41,0.087,0.015,0.002,3.147,3.351,1.784,0.633,0.169,0.036,0.006,0.001,0.971,1.035,0.551,0.196,0.052,0.011,0.002,0.0,0.24,0.256,0.136,0.048,0.013,0.003,0.0,0.0,0.049,0.053,0.028,0.01,0.003,0.001,0.0,0.0,0.009,0.009,0.005,0.002,0.0,0.0,0.0,0.0
D,23,Paraguay,Turkey,1893.3,1928.4,-35.0,-35.0,0.9748,0.8806,0.9553,1.044,1.1813,1.3662,1.2021,1.1493,0.1122,38.84,25.04,36.12,1.202,1.149,8.048,12.356,6.29,2.41,0.692,0.159,0.03,0.005,12.992,11.682,7.561,2.897,0.832,0.191,0.037,0.006,6.881,7.909,4.545,1.741,0.5,0.115,0.022,0.004,2.757,3.169,1.821,0.698,0.2,0.046,0.009,0.001,0.829,0.952,0.547,0.21,0.06,0.014,0.003,0.0,0.199,0.229,0.132,0.05,0.014,0.003,0.001,0.0,0.04,0.046,0.026,0.01,0.003,0.001,0.0,0.0,0.007,0.008,0.005,0.002,0.0,0.0,0.0,0.0
D,24,Australia,Turkey,1886.4,1928.4,-42.0,-42.0,0.9651,0.9823,0.9553,1.044,1.164,1.3855,1.1728,1.3002,0.111,34.68,24.25,41.07,1.173,1.3,7.005,12.547,7.128,3.089,1.004,0.261,0.057,0.011,11.178,11.431,8.36,3.623,1.178,0.306,0.066,0.012,5.799,7.54,4.902,2.125,0.691,0.18,0.039,0.007,2.267,2.948,1.916,0.831,0.27,0.07,0.015,0.003,0.665,0.864,0.562,0.244,0.079,0.021,0.004,0.001,0.156,0.203,0.132,0.057,0.019,0.005,0.001,0.0,0.03,0.04,0.026,0.011,0.004,0.001,0.0,0.0,0.005,0.007,0.004,0.002,0.001,0.0,0.0,0.0
E,25,Germany,Curaçao,1984.8,1586.0,398.8,398.8,0.9809,1.0994,1.0225,1.1188,2.6295,0.5026,2.8856,0.565,0.0401,84.74,10.49,4.77,2.886,0.565,2.973,1.838,0.508,0.096,0.014,0.002,0.0,0.0,10.243,4.979,1.465,0.276,0.039,0.004,0.0,0.0,13.245,7.484,2.114,0.398,0.056,0.006,0.001,0.0,12.74,7.199,2.034,0.383,0.054,0.006,0.001,0.0,9.19,5.193,1.467,0.276,0.039,0.004,0.0,0.0,5.304,2.997,0.847,0.159,0.023,0.003,0.0,0.0,2.551,1.441,0.407,0.077,0.011,0.001,0.0,0.0,1.052,0.594,0.168,0.032,0.004,0.001,0.0,0.0
E,26,Germany,Ivory Coast,1984.8,1798.0,186.7,186.7,0.9809,1.0994,0.9354,0.9199,1.8321,0.8442,1.6531,0.8682,0.0851,57.55,22.38,20.08,1.653,0.868,7.027,7.463,3.017,0.873,0.19,0.033,0.005,0.001,15.093,10.511,4.987,1.443,0.313,0.054,0.008,0.001,10.937,9.495,4.122,1.193,0.259,0.045,0.007,0.001,6.027,5.232,2.271,0.657,0.143,0.025,0.004,0.0,2.491,2.162,0.939,0.272,0.059,0.01,0.001,0.0,0.823,0.715,0.31,0.09,0.019,0.003,0.0,0.0,0.227,0.197,0.086,0.025,0.005,0.001,0.0,0.0,0.054,0.047,0.02,0.006,0.001,0.0,0.0,0.0
E,27,Germany,Ecuador,1984.8,1999.0,-14.3,-14.3,0.9809,1.0994,0.9076,0.8549,1.2341,1.3094,1.0349,1.3066,0.1155,30.66,24.72,44.63,1.035,1.307,8.11,14.452,8.204,3.573,1.167,0.305,0.066,0.012,11.135,11.495,8.491,3.698,1.208,0.316,0.069,0.013,5.147,6.725,4.394,1.914,0.625,0.163,0.036,0.007,1.776,2.32,1.516,0.66,0.216,0.056,0.012,0.002,0.459,0.6,0.392,0.171,0.056,0.015,0.003,0.001,0.095,0.124,0.081,0.035,0.012,0.003,0.001,0.0,0.016,0.021,0.014,0.006,0.002,0.001,0.0,0.0,0.002,0.003,0.002,0.001,0.0,0.0,0.0,0.0
E,28,Curaçao,Ivory Coast,1586.0,1798.0,-212.0,-212.0,1.0225,1.1188,0.9354,0.9199,0.7959,1.9186,0.7486,2.0079,0.0801,13.16,18.49,68.35,0.749,2.008,5.548,14.703,12.715,8.51,4.272,1.715,0.574,0.165,5.005,8.722,9.518,6.371,3.198,1.284,0.43,0.123,1.767,3.549,3.563,2.385,1.197,0.481,0.161,0.046,0.441,0.886,0.889,0.595,0.299,0.12,0.04,0.012,0.083,0.166,0.166,0.111,0.056,0.022,0.008,0.002,0.012,0.025,0.025,0.017,0.008,0.003,0.001,0.0,0.002,0.003,0.003,0.002,0.001,0.0,0.0,0.0,0.0,0.0,0.0,0.0,0.0,0.0,0.0,0.0
E,29,Curaçao,Ecuador,1586.0,1999.0,-413.0,-413.0,1.0225,1.1188,0.9076,0.8549,0.4844,2.6888,0.4234,2.7302,0.0369,3.73,10.45,85.82,0.423,2.73,4.082,12.813,15.892,14.463,9.871,5.39,2.453,0.957,1.834,4.748,6.729,6.124,4.18,2.282,1.039,0.405,0.382,1.044,1.425,1.297,0.885,0.483,0.22,0.086,0.054,0.147,0.201,0.183,0.125,0.068,0.031,0.012,0.006,0.016,0.021,0.019,0.013,0.007,0.003,0.001,0.0,0.001,0.002,0.002,0.001,0.001,0.0,0.0,0.0,0.0,0.0,0.0,0.0,0.0,0.0,0.0,0.0,0.0,0.0,0.0,0.0,0.0,0.0,0.0
E,30,Ivory Coast,Ecuador,1798.0,1999.0,-201.0,-201.0,0.9354,0.9199,0.9076,0.8549,0.8167,1.8805,0.6531,1.5701,0.0823,15.61,23.12,61.27,0.653,1.57,9.841,19.056,13.248,6.933,2.721,0.855,0.224,0.05,7.397,10.115,8.653,4.528,1.777,0.558,0.146,0.033,2.292,3.599,2.826,1.479,0.58,0.182,0.048,0.011,0.499,0.784,0.615,0.322,0.126,0.04,0.01,0.002,0.081,0.128,0.1,0.053,0.021,0.006,0.002,0.0,0.011,0.017,0.013,0.007,0.003,0.001,0.0,0.0,0.001,0.002,0.001,0.001,0.0,0.0,0.0,0.0,0.0,0.0,0.0,0.0,0.0,0.0,0.0,0.0
F,31,Netherlands,Japan,2009.9,1983.3,26.6,26.6,0.9752,1.065,0.9499,0.9863,1.3429,1.2026,1.2916,1.2165,0.1135,39.86,24.03,36.11,1.292,1.217,6.69,11.273,6.025,2.443,0.743,0.181,0.037,0.006,12.059,11.342,7.782,3.156,0.96,0.234,0.047,0.008,6.792,8.262,5.026,2.038,0.62,0.151,0.031,0.005,2.924,3.557,2.164,0.877,0.267,0.065,0.013,0.002,0.944,1.149,0.699,0.283,0.086,0.021,0.004,0.001,0.244,0.297,0.18,0.073,0.022,0.005,0.001,0.0,0.053,0.064,0.039,0.016,0.005,0.001,0.0,0.0,0.01,0.012,0.007,0.003,0.001,0.0,0.0,0.0
F,32,Netherlands,Sweden,2009.9,1783.3,226.5,226.5,0.9752,1.065,1.0708,1.1207,1.9693,0.7692,2.1521,0.8771,0.0772,67.85,17.8,14.35,2.152,0.877,4.112,4.509,1.852,0.541,0.119,0.021,0.003,0.0,12.083,8.386,3.986,1.165,0.256,0.045,0.007,0.001,11.149,9.779,4.289,1.254,0.275,0.048,0.007,0.001,7.998,7.015,3.077,0.9,0.197,0.035,0.005,0.001,4.303,3.775,1.655,0.484,0.106,0.019,0.003,0.0,1.852,1.625,0.713,0.208,0.046,0.008,0.001,0.0,0.664,0.583,0.256,0.075,0.016,0.003,0.0,0.0,0.204,0.179,0.079,0.023,0.005,0.001,0.0,0.0
F,33,Netherlands,Tunisia,2009.9,1762.4,247.5,247.5,0.9752,1.065,0.9483,0.9381,2.0439,0.7318,1.8698,0.7391,0.073,65.65,20.03,14.32,1.87,0.739,6.579,5.699,1.998,0.492,0.091,0.013,0.002,0.0,15.547,9.374,3.736,0.921,0.17,0.025,0.003,0.0,12.79,9.453,3.493,0.861,0.159,0.024,0.003,0.0,7.972,5.892,2.177,0.536,0.099,0.015,0.002,0.0,3.726,2.754,1.018,0.251,0.046,0.007,0.001,0.0,1.394,1.03,0.381,0.094,0.017,0.003,0.0,0.0,0.434,0.321,0.119,0.029,0.005,0.001,0.0,0.0,0.116,0.086,0.032,0.008,0.001,0.0,0.0,0.0
F,34,Japan,Sweden,1983.3,1783.3,199.9,199.9,0.9499,0.9863,1.0708,1.1207,1.8769,0.8187,1.998,0.8646,0.0825,65.25,19.03,15.71,1.998,0.865,4.874,5.265,2.124,0.612,0.132,0.023,0.003,0.0,13.229,9.009,4.245,1.223,0.264,0.046,0.007,0.001,11.345,9.809,4.24,1.222,0.264,0.046,0.007,0.001,7.556,6.533,2.824,0.814,0.176,0.03,0.004,0.001,3.774,3.263,1.411,0.407,0.088,0.015,0.002,0.0,1.508,1.304,0.564,0.162,0.035,0.006,0.001,0.0,0.502,0.434,0.188,0.054,0.012,0.002,0.0,0.0,0.143,0.124,0.054,0.015,0.003,0.001,0.0,0.0
F,35,Japan,Tunisia,1983.3,1762.4,220.9,220.9,0.9499,0.9863,0.9483,0.9381,1.9495,0.7794,1.7371,0.729,0.0784,63.1,21.35,15.55,1.737,0.729,7.601,6.503,2.242,0.545,0.099,0.014,0.002,0.0,16.653,9.849,3.895,0.946,0.173,0.025,0.003,0.0,12.731,9.281,3.383,0.822,0.15,0.022,0.003,0.0,7.372,5.374,1.959,0.476,0.087,0.013,0.002,0.0,3.201,2.334,0.851,0.207,0.038,0.005,0.001,0.0,1.112,0.811,0.296,0.072,0.013,0.002,0.0,0.0,0.322,0.235,0.086,0.021,0.004,0.001,0.0,0.0,0.08,0.058,0.021,0.005,0.001,0.0,0.0,0.0
F,36,Sweden,Tunisia,1783.3,1762.4,21.0,21.0,1.0708,1.1207,0.9483,0.9381,1.3276,1.2169,1.3335,1.2933,0.1144,39.29,23.38,37.33,1.333,1.293,5.805,10.737,6.048,2.607,0.843,0.218,0.047,0.009,11.116,11.045,8.065,3.477,1.124,0.291,0.063,0.012,6.43,8.316,5.377,2.318,0.749,0.194,0.042,0.008,2.858,3.696,2.39,1.03,0.333,0.086,0.019,0.003,0.953,1.232,0.797,0.343,0.111,0.029,0.006,0.001,0.254,0.329,0.213,0.092,0.03,0.008,0.002,0.0,0.056,0.073,0.047,0.02,0.007,0.002,0.0,0.0,0.011,0.014,0.009,0.004,0.001,0.0,0.0,0.0
G,37,Belgium,Egypt,1943.8,1791.1,152.7,152.7,1.0338,0.9571,0.9118,0.9126,1.7196,0.9126,1.6224,0.7964,0.0916,58.83,22.47,18.69,1.622,0.796,7.808,7.567,2.809,0.746,0.148,0.024,0.003,0.0,16.503,10.395,4.557,1.21,0.241,0.038,0.005,0.001,11.655,9.282,3.696,0.981,0.195,0.031,0.004,0.0,6.303,5.02,1.999,0.531,0.106,0.017,0.002,0.0,2.557,2.036,0.811,0.215,0.043,0.007,0.001,0.0,0.83,0.661,0.263,0.07,0.014,0.002,0.0,0.0,0.224,0.179,0.071,0.019,0.004,0.001,0.0,0.0,0.052,0.041,0.016,0.004,0.001,0.0,0.0,0.0
G,38,Belgium,Iran,1943.8,1879.9,63.9,63.9,1.0338,0.9571,0.9607,0.9298,1.4479,1.1106,1.3917,1.0211,0.1074,47.22,24.22,28.56,1.392,1.021,7.58,10.136,4.664,1.587,0.405,0.083,0.014,0.002,14.309,11.347,6.49,2.209,0.564,0.115,0.02,0.003,8.663,8.846,4.517,1.537,0.392,0.08,0.014,0.002,4.019,4.104,2.095,0.713,0.182,0.037,0.006,0.001,1.398,1.428,0.729,0.248,0.063,0.013,0.002,0.0,0.389,0.397,0.203,0.069,0.018,0.004,0.001,0.0,0.09,0.092,0.047,0.016,0.004,0.001,0.0,0.0,0.018,0.018,0.009,0.003,0.001,0.0,0.0,0.0
G,39,Belgium,New Zealand,1943.8,1730.5,213.2,213.2,1.0338,0.9571,1.1272,0.9698,1.9228,0.7936,1.9277,0.8562,0.0799,63.97,19.72,16.31,1.928,0.856,5.339,5.626,2.254,0.643,0.138,0.024,0.003,0.0,13.682,9.34,4.345,1.24,0.265,0.045,0.006,0.001,11.428,9.784,4.188,1.195,0.256,0.044,0.006,0.001,7.343,6.287,2.691,0.768,0.164,0.028,0.004,0.0,3.539,3.03,1.297,0.37,0.079,0.014,0.002,0.0,1.364,1.168,0.5,0.143,0.031,0.005,0.001,0.0,0.438,0.375,0.161,0.046,0.01,0.002,0.0,0.0,0.121,0.103,0.044,0.013,0.003,0.0,0.0,0.0
G,40,Egypt,Iran,1791.1,1879.9,-88.8,-88.8,0.9118,0.9126,0.9607,0.9298,1.0523,1.5209,0.8921,1.3334,0.1031,25.87,25.31,48.82,0.892,1.333,9.457,16.349,9.582,4.259,1.42,0.379,0.084,0.016,10.501,11.5,8.548,3.799,1.266,0.338,0.075,0.014,4.289,5.719,3.813,1.695,0.565,0.151,0.033,0.006,1.275,1.701,1.134,0.504,0.168,0.045,0.01,0.002,0.284,0.379,0.253,0.112,0.037,0.01,0.002,0.0,0.051,0.068,0.045,0.02,0.007,0.002,0.0,0.0,0.008,0.01,0.007,0.003,0.001,0.0,0.0,0.0,0.001,0.001,0.001,0.0,0.0,0.0,0.0,0.0
G,41,Egypt,New Zealand,1791.1,1730.5,60.6,60.6,0.9118,0.9126,1.1272,0.9698,1.4383,1.1186,1.2719,1.1507,0.1079,40.74,24.64,34.61,1.272,1.151,7.468,11.473,5.872,2.252,0.648,0.149,0.029,0.005,12.829,11.579,7.468,2.865,0.824,0.19,0.036,0.006,7.173,8.254,4.749,1.822,0.524,0.121,0.023,0.004,3.041,3.499,2.013,0.772,0.222,0.051,0.01,0.002,0.967,1.113,0.64,0.246,0.071,0.016,0.003,0.001,0.246,0.283,0.163,0.062,0.018,0.004,0.001,0.0,0.052,0.06,0.035,0.013,0.004,0.001,0.0,0.0,0.009,0.011,0.006,0.002,0.001,0.0,0.0,0.0
G,42,Iran,New Zealand,1879.9,1730.5,149.3,149.3,0.9607,0.9298,1.1272,0.9698,1.7088,0.9196,1.5921,0.9637,0.0922,53.68,22.85,23.47,1.592,0.964,6.647,8.125,3.596,1.155,0.278,0.054,0.009,0.001,14.137,10.785,5.725,1.839,0.443,0.085,0.014,0.002,9.813,9.457,4.557,1.464,0.353,0.068,0.011,0.002,5.208,5.019,2.418,0.777,0.187,0.036,0.006,0.001,2.073,1.998,0.963,0.309,0.075,0.014,0.002,0.0,0.66,0.636,0.307,0.098,0.024,0.005,0.001,0.0,0.175,0.169,0.081,0.026,0.006,0.001,0.0,0.0,0.04,0.038,0.018,0.006,0.001,0.0,0.0,0.0
H,43,Spain,Cape Verde,2181.9,1662.1,519.8,519.8,0.9101,1.1816,0.9393,0.9537,3.1506,0.3644,2.7347,0.4044,0.012,85.93,10.55,3.51,2.735,0.404,4.293,1.768,0.356,0.048,0.005,0.0,0.0,0.0,12.288,4.754,0.973,0.131,0.013,0.001,0.0,0.0,16.269,6.58,1.33,0.179,0.018,0.001,0.0,0.0,14.83,5.998,1.213,0.164,0.017,0.001,0.0,0.0,10.139,4.101,0.829,0.112,0.011,0.001,0.0,0.0,5.546,2.243,0.454,0.061,0.006,0.001,0.0,0.0,2.528,1.022,0.207,0.028,0.003,0.0,0.0,0.0,0.987,0.399,0.081,0.011,0.001,0.0,0.0,0.0
H,44,Spain,Saudi Arabia,2181.9,1669.8,512.2,512.2,0.9101,1.1816,0.9715,0.9632,3.1164,0.3721,2.7319,0.4271,0.0138,85.48,10.76,3.77,2.732,0.427,4.195,1.832,0.389,0.055,0.006,0.001,0.0,0.0,12.087,4.906,1.062,0.151,0.016,0.001,0.0,0.0,15.911,6.796,1.451,0.207,0.022,0.002,0.0,0.0,14.489,6.188,1.322,0.188,0.02,0.002,0.0,0.0,9.895,4.226,0.903,0.128,0.014,0.001,0.0,0.0,5.407,2.309,0.493,0.07,0.007,0.001,0.0,0.0,2.462,1.051,0.225,0.032,0.003,0.0,0.0,0.0,0.961,0.41,0.088,0.012,0.001,0.0,0.0,0.0
H,45,Spain,Uruguay,2181.9,1959.7,222.2,222.2,0.9101,1.1816,0.9193,0.8762,1.9541,0.777,1.5583,0.844,0.0781,55.69,23.55,20.76,1.558,0.844,8.094,8.115,3.213,0.904,0.191,0.032,0.005,0.001,15.767,10.937,5.007,1.409,0.297,0.05,0.007,0.001,10.952,9.244,3.901,1.097,0.232,0.039,0.005,0.001,5.689,4.801,2.026,0.57,0.12,0.02,0.003,0.0,2.216,1.87,0.789,0.222,0.047,0.008,0.001,0.0,0.691,0.583,0.246,0.069,0.015,0.002,0.0,0.0,0.179,0.151,0.064,0.018,0.004,0.001,0.0,0.0,0.04,0.034,0.014,0.004,0.001,0.0,0.0,0.0
H,46,Cape Verde,Saudi Arabia,1662.1,1669.8,-7.7,-7.7,0.9393,0.9537,0.9715,0.9632,1.2513,1.2917,1.1321,1.1968,0.1165,35.79,25.07,39.14,1.132,1.197,8.202,13.283,6.976,2.783,0.833,0.199,0.04,0.007,12.481,11.659,7.897,3.151,0.943,0.226,0.045,0.008,6.242,7.47,4.47,1.783,0.534,0.128,0.025,0.004,2.355,2.819,1.687,0.673,0.201,0.048,0.01,0.002,0.667,0.798,0.477,0.19,0.057,0.014,0.003,0.0,0.151,0.181,0.108,0.043,0.013,0.003,0.001,0.0,0.028,0.034,0.02,0.008,0.002,0.001,0.0,0.0,0.005,0.006,0.003,0.001,0.0,0.0,0.0,0.0
H,47,Cape Verde,Uruguay,1662.1,1959.7,-297.6,-297.6,0.9393,0.9537,0.9193,0.8762,0.6483,2.2289,0.5336,1.9542,0.0625,9.2,18.26,72.54,0.534,1.954,7.695,18.049,15.717,10.238,5.002,1.955,0.637,0.178,4.538,8.047,8.386,5.463,2.669,1.043,0.34,0.095,1.172,2.29,2.237,1.457,0.712,0.278,0.091,0.025,0.208,0.407,0.398,0.259,0.127,0.049,0.016,0.004,0.028,0.054,0.053,0.035,0.017,0.007,0.002,0.001,0.003,0.006,0.006,0.004,0.002,0.001,0.0,0.0,0.0,0.001,0.001,0.0,0.0,0.0,0.0,0.0,0.0,0.0,0.0,0.0,0.0,0.0,0.0,0.0
H,48,Saudi Arabia,Uruguay,1669.8,1959.7,-289.9,-289.9,0.9715,0.9632,0.9193,0.8762,0.6605,2.2,0.5623,1.9479,0.0641,9.83,18.47,71.7,0.562,1.948,7.487,17.644,15.277,9.919,4.831,1.882,0.611,0.17,4.691,8.254,8.59,5.577,2.716,1.058,0.344,0.096,1.273,2.479,2.415,1.568,0.764,0.297,0.097,0.027,0.239,0.465,0.453,0.294,0.143,0.056,0.018,0.005,0.034,0.065,0.064,0.041,0.02,0.008,0.003,0.001,0.004,0.007,0.007,0.005,0.002,0.001,0.0,0.0,0.0,0.001,0.001,0.0,0.0,0.0,0.0,0.0,0.0,0.0,0.0,0.0,0.0,0.0,0.0,0.0
I,49,France,Senegal,2120.4,1921.9,198.5,198.5,0.9404,0.9974,0.9328,1.0083,1.8719,0.8215,1.7751,0.7643,0.0828,63.11,20.92,15.97,1.775,0.764,6.962,6.374,2.291,0.584,0.112,0.017,0.002,0.0,15.969,9.76,4.066,1.036,0.198,0.03,0.004,0.0,12.357,9.444,3.609,0.919,0.176,0.027,0.003,0.0,7.311,5.588,2.135,0.544,0.104,0.016,0.002,0.0,3.245,2.48,0.948,0.241,0.046,0.007,0.001,0.0,1.152,0.88,0.336,0.086,0.016,0.003,0.0,0.0,0.341,0.26,0.1,0.025,0.005,0.001,0.0,0.0,0.086,0.066,0.025,0.006,0.001,0.0,0.0,0.0
I,50,France,Iraq,2120.4,1723.7,396.7,396.7,0.9404,0.9974,0.9068,0.9525,2.6209,0.5053,2.3477,0.457,0.0406,80.51,13.9,5.59,2.348,0.457,5.756,2.801,0.628,0.096,0.011,0.001,0.0,0.0,15.473,6.194,1.475,0.225,0.026,0.002,0.0,0.0,16.583,7.578,1.732,0.264,0.03,0.003,0.0,0.0,12.977,5.93,1.355,0.206,0.024,0.002,0.0,0.0,7.616,3.481,0.795,0.121,0.014,0.001,0.0,0.0,3.576,1.634,0.373,0.057,0.006,0.001,0.0,0.0,1.399,0.639,0.146,0.022,0.003,0.0,0.0,0.0,0.469,0.214,0.049,0.007,0.001,0.0,0.0,0.0
I,51,France,Norway,2120.4,1931.6,188.8,188.8,0.9404,0.9974,1.0393,1.0492,1.8392,0.8401,1.8147,0.8708,0.0847,61.24,20.76,18.01,1.815,0.871,5.879,6.347,2.573,0.747,0.163,0.028,0.004,0.001,14.211,9.818,4.67,1.356,0.295,0.051,0.007,0.001,11.177,9.733,4.237,1.23,0.268,0.047,0.007,0.001,6.761,5.887,2.563,0.744,0.162,0.028,0.004,0.001,3.067,2.671,1.163,0.338,0.073,0.013,0.002,0.0,1.113,0.969,0.422,0.123,0.027,0.005,0.001,0.0,0.337,0.293,0.128,0.037,0.008,0.001,0.0,0.0,0.087,0.076,0.033,0.01,0.002,0.0,0.0,0.0
I,52,Senegal,Iraq,1921.9,1723.7,198.2,198.2,0.9328,1.0083,0.9068,0.9525,1.871,0.822,1.6623,0.7516,0.0829,60.83,22.16,17.01,1.662,0.752,7.974,7.101,2.512,0.629,0.118,0.018,0.002,0.0,16.823,10.192,4.176,1.046,0.197,0.03,0.004,0.0,12.29,9.237,3.471,0.87,0.163,0.025,0.003,0.0,6.81,5.118,1.923,0.482,0.091,0.014,0.002,0.0,2.83,2.127,0.799,0.2,0.038,0.006,0.001,0.0,0.941,0.707,0.266,0.067,0.013,0.002,0.0,0.0,0.261,0.196,0.074,0.018,0.003,0.001,0.0,0.0,0.062,0.047,0.017,0.004,0.001,0.0,0.0,0.0
I,53,Senegal,Norway,1921.9,1931.6,-9.6,-9.6,0.9328,1.0083,1.0393,1.0492,1.2461,1.297,1.2196,1.3592,0.1162,34.81,23.52,41.68,1.22,1.359,6.125,11.94,7.007,3.175,1.079,0.293,0.066,0.013,10.564,11.114,8.546,3.872,1.316,0.358,0.081,0.016,5.642,7.669,5.211,2.361,0.802,0.218,0.049,0.01,2.294,3.117,2.119,0.96,0.326,0.089,0.02,0.004,0.699,0.951,0.646,0.293,0.099,0.027,0.006,0.001,0.171,0.232,0.158,0.071,0.024,0.007,0.001,0.0,0.035,0.047,0.032,0.015,0.005,0.001,0.0,0.0,0.006,0.008,0.006,0.003,0.001,0.0,0.0,0.0
I,54,Iraq,Norway,1723.7,1931.6,-207.8,-207.8,0.9068,0.9525,1.0393,1.0492,0.8037,1.9041,0.7646,1.8848,0.081,14.75,19.79,65.45,0.765,1.885,6.205,15.259,12.476,7.839,3.694,1.392,0.437,0.118,5.703,9.303,9.54,5.993,2.824,1.065,0.334,0.09,2.053,3.87,3.647,2.291,1.08,0.407,0.128,0.034,0.523,0.986,0.93,0.584,0.275,0.104,0.033,0.009,0.1,0.189,0.178,0.112,0.053,0.02,0.006,0.002,0.015,0.029,0.027,0.017,0.008,0.003,0.001,0.0,0.002,0.004,0.003,0.002,0.001,0.0,0.0,0.0,0.0,0.0,0.0,0.0,0.0,0.0,0.0,0.0
J,55,Argentina,Algeria,2169.0,1860.8,308.2,308.2,0.9252,0.9985,0.9495,0.9882,2.269,0.6317,2.0745,0.5988,0.0602,73.04,17.37,9.59,2.074,0.599,6.338,4.25,1.228,0.245,0.037,0.004,0.0,0.0,15.984,7.997,2.548,0.509,0.076,0.009,0.001,0.0,14.739,8.826,2.643,0.528,0.079,0.009,0.001,0.0,10.192,6.103,1.827,0.365,0.055,0.007,0.001,0.0,5.286,3.165,0.948,0.189,0.028,0.003,0.0,0.0,2.193,1.313,0.393,0.078,0.012,0.001,0.0,0.0,0.758,0.454,0.136,0.027,0.004,0.0,0.0,0.0,0.225,0.135,0.04,0.008,0.001,0.0,0.0,0.0
J,56,Argentina,Austria,2169.0,1887.9,281.1,281.1,0.9252,0.9985,0.9599,1.0062,2.1668,0.675,2.017,0.6469,0.066,70.86,18.16,10.98,2.017,0.647,6.321,4.665,1.447,0.312,0.05,0.007,0.001,0.0,15.806,8.428,2.919,0.629,0.102,0.013,0.001,0.0,14.068,9.1,2.943,0.635,0.103,0.013,0.001,0.0,9.459,6.119,1.979,0.427,0.069,0.009,0.001,0.0,4.77,3.085,0.998,0.215,0.035,0.005,0.0,0.0,1.924,1.245,0.403,0.087,0.014,0.002,0.0,0.0,0.647,0.418,0.135,0.029,0.005,0.001,0.0,0.0,0.186,0.121,0.039,0.008,0.001,0.0,0.0,0.0
J,57,Argentina,Jordan,2169.0,1762.9,406.1,406.1,0.9252,0.9985,1.0678,0.9743,2.6598,0.4932,2.3975,0.5258,0.0384,79.6,14.04,6.37,2.398,0.526,5.095,2.872,0.74,0.13,0.017,0.002,0.0,0.0,14.02,6.491,1.775,0.311,0.041,0.004,0.0,0.0,15.389,8.092,2.127,0.373,0.049,0.005,0.0,0.0,12.298,6.467,1.7,0.298,0.039,0.004,0.0,0.0,7.371,3.876,1.019,0.179,0.023,0.002,0.0,0.0,3.535,1.859,0.489,0.086,0.011,0.001,0.0,0.0,1.412,0.743,0.195,0.034,0.004,0.0,0.0,0.0,0.484,0.254,0.067,0.012,0.002,0.0,0.0,0.0
J,58,Algeria,Austria,1860.8,1887.9,-27.1,-27.1,0.9495,0.9882,0.9599,1.0062,1.2014,1.3442,1.1477,1.275,0.1134,34.53,24.49,40.98,1.148,1.275,7.395,12.942,7.208,3.063,0.976,0.249,0.053,0.01,11.502,11.504,8.272,3.516,1.121,0.286,0.061,0.011,5.84,7.446,4.747,2.018,0.643,0.164,0.035,0.006,2.234,2.849,1.816,0.772,0.246,0.063,0.013,0.002,0.641,0.817,0.521,0.221,0.071,0.018,0.004,0.001,0.147,0.188,0.12,0.051,0.016,0.004,0.001,0.0,0.028,0.036,0.023,0.01,0.003,0.001,0.0,0.0,0.005,0.006,0.004,0.002,0.001,0.0,0.0,0.0
J,59,Algeria,Jordan,1860.8,1762.9,97.9,97.9,0.9495,0.9882,1.0678,0.9743,1.5484,1.0313,1.4324,1.0882,0.1015,46.56,23.83,29.61,1.432,1.088,6.763,9.71,4.758,1.726,0.47,0.102,0.019,0.003,13.182,11.252,6.815,2.472,0.673,0.146,0.027,0.004,8.242,8.969,4.88,1.77,0.482,0.105,0.019,0.003,3.935,4.282,2.33,0.845,0.23,0.05,0.009,0.001,1.409,1.533,0.834,0.303,0.082,0.018,0.003,0.001,0.404,0.439,0.239,0.087,0.024,0.005,0.001,0.0,0.096,0.105,0.057,0.021,0.006,0.001,0.0,0.0,0.02,0.021,0.012,0.004,0.001,0.0,0.0,0.0
J,60,Austria,Jordan,1887.9,1762.9,125.0,125.0,0.9599,1.0062,1.0678,0.9743,1.6316,0.9713,1.5259,1.0435,0.0967,50.05,23.26,26.69,1.526,1.043,6.47,8.785,4.163,1.448,0.378,0.079,0.014,0.002,13.389,10.998,6.353,2.21,0.576,0.12,0.021,0.003,8.902,9.289,4.847,1.686,0.44,0.092,0.016,0.002,4.528,4.725,2.465,0.857,0.224,0.047,0.008,0.001,1.727,1.802,0.94,0.327,0.085,0.018,0.003,0.0,0.527,0.55,0.287,0.1,0.026,0.005,0.001,0.0,0.134,0.14,0.073,0.025,0.007,0.001,0.0,0.0,0.029,0.03,0.016,0.006,0.001,0.0,0.0,0.0
K,61,Portugal,DR Congo,2024.8,1749.5,275.3,275.3,0.9699,0.9882,0.8932,0.9141,2.1453,0.6845,1.902,0.6042,0.0672,69.75,19.17,11.07,1.902,0.604,7.465,5.086,1.476,0.297,0.045,0.005,0.001,0.0,17.353,8.671,2.808,0.566,0.085,0.01,0.001,0.0,14.633,8.841,2.671,0.538,0.081,0.01,0.001,0.0,9.277,5.605,1.693,0.341,0.052,0.006,0.001,0.0,4.412,2.665,0.805,0.162,0.024,0.003,0.0,0.0,1.678,1.014,0.306,0.062,0.009,0.001,0.0,0.0,0.532,0.321,0.097,0.02,0.003,0.0,0.0,0.0,0.145,0.087,0.026,0.005,0.001,0.0,0.0,0.0
K,62,Portugal,Uzbekistan,2024.8,1817.6,207.2,207.2,0.9699,0.9882,0.9143,0.9268,1.9018,0.805,1.7096,0.7272,0.0811,62.57,21.6,15.83,1.71,0.727,7.812,6.691,2.297,0.557,0.101,0.015,0.002,0.0,16.912,9.925,3.928,0.952,0.173,0.025,0.003,0.0,12.696,9.233,3.357,0.814,0.148,0.022,0.003,0.0,7.235,5.262,1.913,0.464,0.084,0.012,0.001,0.0,3.092,2.249,0.818,0.198,0.036,0.005,0.001,0.0,1.057,0.769,0.28,0.068,0.012,0.002,0.0,0.0,0.301,0.219,0.08,0.019,0.004,0.001,0.0,0.0,0.074,0.054,0.019,0.005,0.001,0.0,0.0,0.0
K,63,Portugal,Colombia,2024.8,2041.7,-16.9,-16.9,0.9699,0.9882,1.0391,0.9789,1.2273,1.3165,1.1652,1.3518,0.1151,33.45,23.82,42.73,1.165,1.352,6.606,12.603,7.372,3.322,1.123,0.303,0.068,0.013,10.662,11.246,8.59,3.87,1.308,0.354,0.08,0.015,5.477,7.404,5.005,2.255,0.762,0.206,0.046,0.009,2.128,2.876,1.944,0.876,0.296,0.08,0.018,0.003,0.62,0.838,0.566,0.255,0.086,0.023,0.005,0.001,0.144,0.195,0.132,0.059,0.02,0.005,0.001,0.0,0.028,0.038,0.026,0.012,0.004,0.001,0.0,0.0,0.005,0.006,0.004,0.002,0.001,0.0,0.0,0.0
K,64,DR Congo,Uzbekistan,1749.5,1817.6,-68.1,-68.1,0.8932,0.9141,0.9143,0.9268,1.1006,1.46,0.9112,1.2202,0.1067,28.56,26.37,45.07,0.911,1.22,10.448,16.347,8.825,3.589,1.095,0.267,0.054,0.009,11.85,11.773,8.041,3.27,0.998,0.243,0.05,0.009,4.921,6.004,3.663,1.49,0.454,0.111,0.023,0.004,1.494,1.824,1.113,0.453,0.138,0.034,0.007,0.001,0.34,0.415,0.253,0.103,0.031,0.008,0.002,0.0,0.062,0.076,0.046,0.019,0.006,0.001,0.0,0.0,0.009,0.011,0.007,0.003,0.001,0.0,0.0,0.0,0.001,0.001,0.001,0.0,0.0,0.0,0.0,0.0
K,65,DR Congo,Colombia,1749.5,2041.7,-292.2,-292.2,0.8932,0.9141,1.0391,0.9789,0.6569,2.2085,0.5744,2.0977,0.0636,8.97,16.9,74.13,0.574,2.098,6.326,16.29,15.074,10.54,5.527,2.319,0.811,0.243,4.079,7.73,8.658,6.054,3.175,1.332,0.466,0.14,1.13,2.371,2.486,1.739,0.912,0.383,0.134,0.04,0.216,0.454,0.476,0.333,0.175,0.073,0.026,0.008,0.031,0.065,0.068,0.048,0.025,0.011,0.004,0.001,0.004,0.007,0.008,0.005,0.003,0.001,0.0,0.0,0.0,0.001,0.001,0.001,0.0,0.0,0.0,0.0,0.0,0.0,0.0,0.0,0.0,0.0,0.0,0.0
K,66,Uzbekistan,Colombia,1817.6,2041.7,-224.1,-224.1,0.9143,0.9268,1.0391,0.9789,0.7736,1.9607,0.6924,1.8882,0.0777,13.12,19.53,67.35,0.692,1.888,6.752,16.273,13.398,8.433,3.981,1.503,0.473,0.128,5.484,9.062,9.276,5.838,2.756,1.041,0.328,0.088,1.801,3.401,3.211,2.021,0.954,0.36,0.113,0.031,0.416,0.785,0.741,0.466,0.22,0.083,0.026,0.007,0.072,0.136,0.128,0.081,0.038,0.014,0.005,0.001,0.01,0.019,0.018,0.011,0.005,0.002,0.001,0.0,0.001,0.002,0.002,0.001,0.001,0.0,0.0,0.0,0.0,0.0,0.0,0.0,0.0,0.0,0.0,0.0
L,67,England,Croatia,2044.7,1980.8,63.9,63.9,0.9377,0.9502,0.9536,1.0652,1.4478,1.1107,1.4461,1.0064,0.1074,49.06,23.77,27.16,1.446,1.006,7.25,9.584,4.352,1.46,0.367,0.074,0.012,0.002,14.357,11.164,6.294,2.111,0.531,0.107,0.018,0.003,8.985,9.043,4.551,1.527,0.384,0.077,0.013,0.002,4.331,4.359,2.194,0.736,0.185,0.037,0.006,0.001,1.566,1.576,0.793,0.266,0.067,0.013,0.002,0.0,0.453,0.456,0.229,0.077,0.019,0.004,0.001,0.0,0.109,0.11,0.055,0.019,0.005,0.001,0.0,0.0,0.023,0.023,0.011,0.004,0.001,0.0,0.0,0.0
L,68,England,Ghana,2044.7,1626.0,418.7,418.7,0.9377,0.9502,1.0344,1.0005,2.7123,0.4773,2.5446,0.4692,0.0356,82.76,12.32,4.92,2.545,0.469,4.689,2.336,0.539,0.084,0.01,0.001,0.0,0.0,13.588,5.638,1.371,0.214,0.025,0.002,0.0,0.0,15.853,7.438,1.745,0.273,0.032,0.003,0.0,0.0,13.447,6.309,1.48,0.231,0.027,0.003,0.0,0.0,8.554,4.013,0.941,0.147,0.017,0.002,0.0,0.0,4.354,2.043,0.479,0.075,0.009,0.001,0.0,0.0,1.846,0.866,0.203,0.032,0.004,0.0,0.0,0.0,0.671,0.315,0.074,0.012,0.001,0.0,0.0,0.0
L,69,England,Panama,2044.7,1824.7,220.0,220.0,0.9377,0.9502,0.9388,0.9902,1.9462,0.7812,1.807,0.6969,0.0785,65.52,20.44,14.04,1.807,0.697,7.314,5.966,1.971,0.458,0.08,0.011,0.001,0.0,16.749,9.419,3.562,0.827,0.144,0.02,0.002,0.0,13.252,9.235,3.218,0.748,0.13,0.018,0.002,0.0,7.982,5.563,1.938,0.45,0.078,0.011,0.001,0.0,3.606,2.513,0.876,0.203,0.035,0.005,0.001,0.0,1.303,0.908,0.316,0.074,0.013,0.002,0.0,0.0,0.392,0.274,0.095,0.022,0.004,0.001,0.0,0.0,0.101,0.071,0.025,0.006,0.001,0.0,0.0,0.0
L,70,Croatia,Ghana,1980.8,1626.0,354.8,354.8,0.9536,1.0652,1.0344,1.0005,2.4512,0.5623,2.3385,0.6195,0.05,76.75,15.09,8.16,2.339,0.62,4.793,3.3,0.992,0.205,0.032,0.004,0.0,0.0,13.496,7.112,2.319,0.479,0.074,0.009,0.001,0.0,14.129,8.753,2.711,0.56,0.087,0.011,0.001,0.0,11.014,6.823,2.113,0.436,0.068,0.008,0.001,0.0,6.439,3.989,1.236,0.255,0.04,0.005,0.001,0.0,3.012,1.866,0.578,0.119,0.018,0.002,0.0,0.0,1.174,0.727,0.225,0.047,0.007,0.001,0.0,0.0,0.392,0.243,0.075,0.016,0.002,0.0,0.0,0.0
L,71,Croatia,Panama,1980.8,1824.7,156.1,156.1,0.9536,1.0652,0.9388,0.9902,1.7308,0.9055,1.6342,0.9056,0.0909,56.21,22.46,21.33,1.634,0.906,6.803,7.705,3.223,0.973,0.22,0.04,0.006,0.001,14.756,10.575,5.267,1.59,0.36,0.065,0.01,0.001,10.497,9.505,4.304,1.299,0.294,0.053,0.008,0.001,5.718,5.178,2.344,0.708,0.16,0.029,0.004,0.001,2.336,2.115,0.958,0.289,0.065,0.012,0.002,0.0,0.763,0.691,0.313,0.094,0.021,0.004,0.001,0.0,0.208,0.188,0.085,0.026,0.006,0.001,0.0,0.0,0.049,0.044,0.02,0.006,0.001,0.0,0.0,0.0
L,72,Ghana,Panama,1626.0,1824.7,-198.7,-198.7,1.0344,1.0005,0.9388,0.9902,0.8211,1.8727,0.8409,1.759,0.0828,17.99,21.29,60.72,0.841,1.759,6.488,14.898,11.438,6.706,2.949,1.038,0.304,0.076,6.65,10.031,9.618,5.64,2.48,0.873,0.256,0.064,2.614,4.598,4.044,2.371,1.043,0.367,0.108,0.027,0.733,1.289,1.134,0.665,0.292,0.103,0.03,0.008,0.154,0.271,0.238,0.14,0.061,0.022,0.006,0.002,0.026,0.046,0.04,0.024,0.01,0.004,0.001,0.0,0.004,0.006,0.006,0.003,0.001,0.001,0.0,0.0,0.0,0.001,0.001,0.0,0.0,0.0,0.0,0.0
